{"cameraMode":{"drawMode":0,"name":"Shaded","section":"Shading Mode"},"sceneLighting":true,"audioPlay":false,"sceneViewState":{"m_AlwaysRefresh":false,"showFog":true,"showSkybox":true,"showFlares":true,"showImageEffects":true,"showParticleSystems":true,"showVisualEffectGraphs":true,"m_FxEnabled":true},"in2DMode":false,"pivot":{"x":1.6712583303451539,"y":0.8863800764083862,"z":-0.0051844120025634769},"rotation":{"x":-0.005957750603556633,"y":0.9713210463523865,"z":-0.23647329211235047,"w":-0.024481914937496187},"size":8.452681541442871,"orthographic":false}